<?xml version="1.0" encoding="utf-8" standalone="yes" ?>
<rss version="2.0" xmlns:atom="http://www.w3.org/2005/Atom">
  <channel>
    <title>Anay Mehrotra</title>
    <link>/</link>
      <atom:link href="/index.xml" rel="self" type="application/rss+xml" />
    <description>Anay Mehrotra</description>
    <generator>Source Themes Academic (https://sourcethemes.com/academic/)</generator><language>en-us</language><lastBuildDate>Wed, 01 Jan 2020 00:00:00 +0000</lastBuildDate>
    <image>
      <url>/img/icon-192.png</url>
      <title>Anay Mehrotra</title>
      <link>/</link>
    </image>
    
    <item>
      <title>Toward Controlling Discrimination in Online Ad Auctions</title>
      <link>/project/fair_online_adv/</link>
      <pubDate>Wed, 27 Apr 2016 00:00:00 +0000</pubDate>
      <guid>/project/fair_online_adv/</guid>
      <description></description>
    </item>
    
    <item>
      <title>Controlling bias in AI</title>
      <link>/project/fairness_demos/</link>
      <pubDate>Wed, 27 Apr 2016 00:00:00 +0000</pubDate>
      <guid>/project/fairness_demos/</guid>
      <description></description>
    </item>
    
    <item>
      <title>Intelligent Autonomous Ground Vehicle</title>
      <link>/project/igvc/</link>
      <pubDate>Wed, 27 Apr 2016 00:00:00 +0000</pubDate>
      <guid>/project/igvc/</guid>
      <description></description>
    </item>
    
    <item>
      <title>Input Validation with Symbolic Execution</title>
      <link>/project/kleenerklee/</link>
      <pubDate>Wed, 27 Apr 2016 00:00:00 +0000</pubDate>
      <guid>/project/kleenerklee/</guid>
      <description>&lt;p&gt;&lt;a href=&#34;https://cse.iitk.ac.in/users/subhajit/&#34;&gt;Prof. Subhajit Roy&lt;/a&gt; |  &lt;em&gt;May 2018 - August 2018&lt;/em&gt;&lt;/p&gt;
&lt;ol&gt;
&lt;li&gt;Designed a tool to tackle path-explosion in symbolic program verification.&lt;/li&gt;
&lt;li&gt;Developed a domain-specific-language to concisely represent the formatted input and guide symbolic execution engine.&lt;/li&gt;
&lt;li&gt;Increased code coverage by 2 fold on programs requiring formatted input in the Siemens Test Suite and MiBench.&lt;/li&gt;
&lt;/ol&gt;
&lt;!-- raw HTML omitted --&gt;
&lt;!-- raw HTML omitted --&gt;
&lt;hr&gt;
</description>
    </item>
    
    <item>
      <title>Interventions for Ranking in the Presence of Implicit Bias</title>
      <link>/publication/celis-2019-implicit/</link>
      <pubDate>Wed, 01 Jan 2020 00:00:00 +0000</pubDate>
      <guid>/publication/celis-2019-implicit/</guid>
      <description></description>
    </item>
    
    <item>
      <title>Toward Controlling Discrimination in Online Ad Auctions</title>
      <link>/publication/celis-2019-toward/</link>
      <pubDate>Tue, 01 Jan 2019 00:00:00 +0000</pubDate>
      <guid>/publication/celis-2019-toward/</guid>
      <description></description>
    </item>
    
    <item>
      <title>Privacy Policy</title>
      <link>/privacy/</link>
      <pubDate>Thu, 28 Jun 2018 00:00:00 +0100</pubDate>
      <guid>/privacy/</guid>
      <description>&lt;p&gt;Add your privacy policy here and set &lt;code&gt;draft: false&lt;/code&gt; to publish it. Otherwise, delete this file if you don&#39;t need it.&lt;/p&gt;
</description>
    </item>
    
    <item>
      <title>Terms</title>
      <link>/terms/</link>
      <pubDate>Thu, 28 Jun 2018 00:00:00 +0100</pubDate>
      <guid>/terms/</guid>
      <description>&lt;p&gt;Add your terms here and set &lt;code&gt;draft: false&lt;/code&gt; to publish it. Otherwise, delete this file if you don&#39;t need it.&lt;/p&gt;
</description>
    </item>
    
    <item>
      <title></title>
      <link>/art/1/</link>
      <pubDate>Wed, 27 Apr 2016 00:00:00 +0000</pubDate>
      <guid>/art/1/</guid>
      <description></description>
    </item>
    
    <item>
      <title></title>
      <link>/art/2/</link>
      <pubDate>Wed, 27 Apr 2016 00:00:00 +0000</pubDate>
      <guid>/art/2/</guid>
      <description></description>
    </item>
    
    <item>
      <title></title>
      <link>/art/3/</link>
      <pubDate>Wed, 27 Apr 2016 00:00:00 +0000</pubDate>
      <guid>/art/3/</guid>
      <description></description>
    </item>
    
    <item>
      <title></title>
      <link>/art/4/</link>
      <pubDate>Wed, 27 Apr 2016 00:00:00 +0000</pubDate>
      <guid>/art/4/</guid>
      <description></description>
    </item>
    
  </channel>
</rss>
