[{"authors":["admin"],"categories":null,"content":"I am a senior year undergraduate at IIT Kanpur majoring in Computer Science. I am interested in problems in machine learning and theoretical computer science with real-world applications.\nCurrently, I am pursuing a project with Prof. Raghunath Tewari at IIT Kanpur, where I am working on applications of communication complexity to streaming graph-algorithms.\nPrior to this, I was working with Prof. Nisheeth Vishnoi and Prof. Elisa Celis on fairness in machine learning and auction mechanisms at Yale University.\n","date":-62135596800,"expirydate":-62135596800,"kind":"taxonomy","lang":"en","lastmod":-62135596800,"objectID":"2525497d367e79493fd32b198b28f040","permalink":"/authors/admin/","publishdate":"0001-01-01T00:00:00Z","relpermalink":"/authors/admin/","section":"authors","summary":"I am a senior year undergraduate at IIT Kanpur majoring in Computer Science. I am interested in problems in machine learning and theoretical computer science with real-world applications.\nCurrently, I am pursuing a project with Prof. Raghunath Tewari at IIT Kanpur, where I am working on applications of communication complexity to streaming graph-algorithms.\nPrior to this, I was working with Prof. Nisheeth Vishnoi and Prof. Elisa Celis on fairness in machine learning and auction mechanisms at Yale University.","tags":null,"title":"Anay Mehrotra","type":"authors"},{"authors":null,"categories":null,"content":"","date":1461715200,"expirydate":-62135596800,"kind":"page","lang":"en","lastmod":1461715200,"objectID":"24ce791097cbcaf632a8cebf3e5300fb","permalink":"/project/fair_online_adv/","publishdate":"2016-04-27T00:00:00Z","relpermalink":"/project/fair_online_adv/","section":"project","summary":"A constrained optimization framework to control discrimination in online ad auctions.","tags":null,"title":"Toward Controlling Discrimination in Online Ad Auctions","type":"project"},{"authors":null,"categories":null,"content":"","date":1461715200,"expirydate":-62135596800,"kind":"page","lang":"en","lastmod":1461715200,"objectID":"aaed55e1e3771f197cb54be9b948716c","permalink":"/project/fairness_demos/","publishdate":"2016-04-27T00:00:00Z","relpermalink":"/project/fairness_demos/","section":"project","summary":"Demos of algorithms to controlling bias in AI.","tags":null,"title":"Controlling bias in AI","type":"project"},{"authors":null,"categories":null,"content":"","date":1461715200,"expirydate":-62135596800,"kind":"page","lang":"en","lastmod":1461715200,"objectID":"42988555f0a7f2b3e6ddb97c6389fe64","permalink":"/project/igvc/","publishdate":"2016-04-27T00:00:00Z","relpermalink":"/project/igvc/","section":"project","summary":"Member of Computer vision sub-unit","tags":null,"title":"Intelligent Autonomous Ground Vehicle","type":"project"},{"authors":null,"categories":null,"content":"Prof. Subhajit Roy | May 2018 - August 2018\n Designed a tool to tackle path-explosion in symbolic program verification. Developed a domain-specific-language to concisely represent the formatted input and guide symbolic execution engine. Increased code coverage by 2 fold on programs requiring formatted input in the Siemens Test Suite and MiBench.   ","date":1461715200,"expirydate":-62135596800,"kind":"page","lang":"en","lastmod":1461715200,"objectID":"274e5f040a7d05f4fd8023a37b2ac8df","permalink":"/project/kleenerklee/","publishdate":"2016-04-27T00:00:00Z","relpermalink":"/project/kleenerklee/","section":"project","summary":"Tackling path-explosion in symbolic execution.","tags":null,"title":"Input Validation with Symbolic Execution","type":"project"},{"authors":["Elisa Celis","Anay Mehrotra","Nisheeth Vishnoi"],"categories":null,"content":"","date":1577836800,"expirydate":-62135596800,"kind":"page","lang":"en","lastmod":1577836800,"objectID":"5ab3b34b195f2300d38066225b3a2521","permalink":"/publication/celis-2019-implicit/","publishdate":"2019-12-03T15:33:57.652708Z","relpermalink":"/publication/celis-2019-implicit/","section":"publication","summary":"","tags":null,"title":"Interventions for Ranking in the Presence of Implicit Bias","type":"publication"},{"authors":["Elisa Celis","Anay Mehrotra","Nisheeth Vishnoi"],"categories":null,"content":"","date":1546300800,"expirydate":-62135596800,"kind":"page","lang":"en","lastmod":1546300800,"objectID":"5712e8f41706ba87a2b1daa257fa2eda","permalink":"/publication/celis-2019-toward/","publishdate":"2019-12-03T15:33:57.653623Z","relpermalink":"/publication/celis-2019-toward/","section":"publication","summary":"","tags":null,"title":"Toward Controlling Discrimination in Online Ad Auctions","type":"publication"},{"authors":null,"categories":null,"content":"","date":1461715200,"expirydate":-62135596800,"kind":"page","lang":"en","lastmod":1461715200,"objectID":"08a4ddb3912191212e731c566f270ae4","permalink":"/art/1/","publishdate":"2016-04-27T00:00:00Z","relpermalink":"/art/1/","section":"art","summary":"","tags":null,"title":"","type":"art"},{"authors":null,"categories":null,"content":"","date":1461715200,"expirydate":-62135596800,"kind":"page","lang":"en","lastmod":1461715200,"objectID":"a74007dbde654a566af72788b331643e","permalink":"/art/2/","publishdate":"2016-04-27T00:00:00Z","relpermalink":"/art/2/","section":"art","summary":"","tags":null,"title":"","type":"art"},{"authors":null,"categories":null,"content":"","date":1461715200,"expirydate":-62135596800,"kind":"page","lang":"en","lastmod":1461715200,"objectID":"2951bb271a36e2919e21254d6d079e6b","permalink":"/art/3/","publishdate":"2016-04-27T00:00:00Z","relpermalink":"/art/3/","section":"art","summary":"","tags":null,"title":"","type":"art"},{"authors":null,"categories":null,"content":"","date":1461715200,"expirydate":-62135596800,"kind":"page","lang":"en","lastmod":1461715200,"objectID":"dc68b6232b2eecf34dd9fbf19889ec44","permalink":"/art/4/","publishdate":"2016-04-27T00:00:00Z","relpermalink":"/art/4/","section":"art","summary":"","tags":null,"title":"","type":"art"}]