<?xml version="1.0" encoding="utf-8" standalone="yes" ?>
<rss version="2.0" xmlns:atom="http://www.w3.org/2005/Atom">
  <channel>
    <title>Publication_types | Anay Mehrotra</title>
    <link>/publication_types/</link>
      <atom:link href="/publication_types/index.xml" rel="self" type="application/rss+xml" />
    <description>Publication_types</description>
    <generator>Source Themes Academic (https://sourcethemes.com/academic/)</generator><language>en-us</language><lastBuildDate>Wed, 01 Jan 2020 00:00:00 +0000</lastBuildDate>
    <image>
      <url>/img/icon-192.png</url>
      <title>Publication_types</title>
      <link>/publication_types/</link>
    </image>
    
    <item>
      <title>1</title>
      <link>/publication_types/1/</link>
      <pubDate>Wed, 01 Jan 2020 00:00:00 +0000</pubDate>
      <guid>/publication_types/1/</guid>
      <description></description>
    </item>
    
  </channel>
</rss>
