<?xml version="1.0" encoding="utf-8" standalone="yes" ?>
<rss version="2.0" xmlns:atom="http://www.w3.org/2005/Atom">
  <channel>
    <title>Projects | Anay Mehrotra</title>
    <link>/project/</link>
      <atom:link href="/project/index.xml" rel="self" type="application/rss+xml" />
    <description>Projects</description>
    <generator>Source Themes Academic (https://sourcethemes.com/academic/)</generator><language>en-us</language><lastBuildDate>Wed, 27 Apr 2016 00:00:00 +0000</lastBuildDate>
    <image>
      <url>/img/icon-192.png</url>
      <title>Projects</title>
      <link>/project/</link>
    </image>
    
    <item>
      <title>Toward Controlling Discrimination in Online Ad Auctions</title>
      <link>/project/fair_online_adv/</link>
      <pubDate>Wed, 27 Apr 2016 00:00:00 +0000</pubDate>
      <guid>/project/fair_online_adv/</guid>
      <description></description>
    </item>
    
    <item>
      <title>Controlling bias in AI</title>
      <link>/project/fairness_demos/</link>
      <pubDate>Wed, 27 Apr 2016 00:00:00 +0000</pubDate>
      <guid>/project/fairness_demos/</guid>
      <description></description>
    </item>
    
    <item>
      <title>Intelligent Autonomous Ground Vehicle</title>
      <link>/project/igvc/</link>
      <pubDate>Wed, 27 Apr 2016 00:00:00 +0000</pubDate>
      <guid>/project/igvc/</guid>
      <description></description>
    </item>
    
    <item>
      <title>Input Validation with Symbolic Execution</title>
      <link>/project/kleenerklee/</link>
      <pubDate>Wed, 27 Apr 2016 00:00:00 +0000</pubDate>
      <guid>/project/kleenerklee/</guid>
      <description>&lt;p&gt;&lt;a href=&#34;https://cse.iitk.ac.in/users/subhajit/&#34;&gt;Prof. Subhajit Roy&lt;/a&gt; |  &lt;em&gt;May 2018 - August 2018&lt;/em&gt;&lt;/p&gt;
&lt;ol&gt;
&lt;li&gt;Designed a tool to tackle path-explosion in symbolic program verification.&lt;/li&gt;
&lt;li&gt;Developed a domain-specific-language to concisely represent the formatted input and guide symbolic execution engine.&lt;/li&gt;
&lt;li&gt;Increased code coverage by 2 fold on programs requiring formatted input in the Siemens Test Suite and MiBench.&lt;/li&gt;
&lt;/ol&gt;
&lt;!-- raw HTML omitted --&gt;
&lt;!-- raw HTML omitted --&gt;
&lt;hr&gt;
</description>
    </item>
    
  </channel>
</rss>
