<?xml version="1.0" encoding="utf-8" standalone="yes" ?>
<rss version="2.0" xmlns:atom="http://www.w3.org/2005/Atom">
  <channel>
    <title>ungoing on Anay Mehrotra</title>
    <link>/tags/ungoing/</link>
    <description>Recent content in ungoing on Anay Mehrotra</description>
    <generator>Hugo -- gohugo.io</generator>
    <language>en-us</language>
    <copyright>&amp;copy; 2018</copyright>
    <lastBuildDate>Wed, 27 Apr 2016 00:00:00 +0530</lastBuildDate>
    
	<atom:link href="/tags/ungoing/index.xml" rel="self" type="application/rss+xml" />
    
    
    <item>
      <title>Portfolio Strategies and Kolmogorov Complexity</title>
      <link>/notshown/informationtheory/</link>
      <pubDate>Wed, 27 Apr 2016 00:00:00 +0530</pubDate>
      
      <guid>/notshown/informationtheory/</guid>
      <description>IIT Kanpur</description>
    </item>
    
  </channel>
</rss>