<?xml version="1.0" encoding="utf-8" standalone="yes" ?>
<rss version="2.0" xmlns:atom="http://www.w3.org/2005/Atom">
  <channel>
    <title>Recent &amp; Upcoming Talks | Anay Mehrotra</title>
    <link>/talk/</link>
      <atom:link href="/talk/index.xml" rel="self" type="application/rss+xml" />
    <description>Recent &amp; Upcoming Talks</description>
    <generator>Source Themes Academic (https://sourcethemes.com/academic/)</generator><language>en-us</language>
    <image>
      <url>/img/icon-192.png</url>
      <title>Recent &amp; Upcoming Talks</title>
      <link>/talk/</link>
    </image>
    
  </channel>
</rss>
