<?xml version="1.0" encoding="utf-8" standalone="yes" ?>
<rss version="2.0" xmlns:atom="http://www.w3.org/2005/Atom">
  <channel>
    <title>Homes on Anay Mehrotra</title>
    <link>/home/</link>
    <description>Recent content in Homes on Anay Mehrotra</description>
    <generator>Hugo -- gohugo.io</generator>
    <language>en-us</language>
    <copyright>&amp;copy; 2018</copyright>
    <lastBuildDate>Wed, 20 Sep 2017 00:00:00 +0530</lastBuildDate>
    
	<atom:link href="/home/index.xml" rel="self" type="application/rss+xml" />
    
    
    <item>
      <title></title>
      <link>/home/about/</link>
      <pubDate>Wed, 20 Apr 2016 00:00:00 +0000</pubDate>
      
      <guid>/home/about/</guid>
      <description> About me I am a junior year undergraduate at IIT Kanpur, majoring in Computer Science. EPFL, Switzerland. -- Currently, I am working with Prof. Nisheeth Vishnoi and Prof. Elisa Celis on Fairness in Machine Learning and Auction Mechanisms at Yale University. I am interested in Theoretical Computer Science. Optimization, algorithm design and machine learning especially capture my interest. competitive programming competitions. -- </description>
    </item>
    
    <item>
      <title>Recent Posts</title>
      <link>/home/posts/</link>
      <pubDate>Wed, 20 Apr 2016 00:00:00 +0000</pubDate>
      
      <guid>/home/posts/</guid>
      <description></description>
    </item>
    
    <item>
      <title>Projects</title>
      <link>/home/projects/</link>
      <pubDate>Wed, 20 Apr 2016 00:00:00 +0530</pubDate>
      
      <guid>/home/projects/</guid>
      <description></description>
    </item>
    
    <item>
      <title>art</title>
      <link>/home/art/</link>
      <pubDate>Wed, 20 Apr 2016 00:00:00 +0530</pubDate>
      
      <guid>/home/art/</guid>
      <description></description>
    </item>
    
    <item>
      <title>Custom Section</title>
      <link>/home/teaching/</link>
      <pubDate>Wed, 20 Apr 2016 00:00:00 +0000</pubDate>
      
      <guid>/home/teaching/</guid>
      <description>This is an example of using the custom widget to create your own homepage section.
To remove this section, either delete content/home/teaching.md or edit the frontmatter of the file to deactivate the widget by setting active = false.</description>
    </item>
    
    <item>
      <title>Tags</title>
      <link>/home/tags/</link>
      <pubDate>Wed, 20 Sep 2017 00:00:00 +0530</pubDate>
      
      <guid>/home/tags/</guid>
      <description></description>
    </item>
    
    <item>
      <title>Contact</title>
      <link>/home/contact/</link>
      <pubDate>Wed, 20 Apr 2016 00:00:00 +0000</pubDate>
      
      <guid>/home/contact/</guid>
      <description></description>
    </item>
    
  </channel>
</rss>